,jealous,anger,sadness,betrayal,frustration,aggression,guilt,regret,fear,vengeance,hatred
0,She got insanely jealous and there was a terrible fight.,i was angry and furious as she stole my favourite purse ,I feel a deep sadness wash over me when I think about the loss of a loved one.,I never expected them to betray my trust in such a profound way.,I'm incredibly frustrated with the constant technical glitches in this software.,"He clenched his fists tightly, his aggression boiling just beneath the surface.","She carried the weight of guilt in her heart, unable to shake off the burden of her past actions.",He couldn't help but feel a deep sense of regret for the opportunities he had let slip away,"Fear gripped his heart, squeezing it tightly in its icy grasp","Vengeance burned within him like a raging inferno, consuming every thought and driving his actions.","Hatred consumed him, twisting his thoughts and poisoning his heart."
1,She was jealous of his wealth.,Ask your doctor for a referral for anger management.,Seeing old photographs brings back a wave of sadness and nostalgia.,"The feeling of betrayal cut deep, leaving me feeling wounded and hurt.",Dealing with bureaucracy and red tape at work is a major source of frustration for me.,The anger in his eyes was matched only by the aggression in his voice.,"The guilt gnawed at him relentlessly, a constant reminder of the mistakes he had made.","Every time he thought about the past, regret washed over him like a tidal wave",The mere thought of stepping outside filled her with overwhelming fear,"She harbored a thirst for vengeance, her desire for retribution unyielding and unrelenting.","She harbored a deep-seated hatred, her emotions simmering beneath a cold and stoic exterior."
2,You are jealous because the record company rejected your idea.,It's full of anger and resentment against staff and some guys saw their chance.,I can't help but feel a sense of sadness when I witness the suffering of others.,Discovering their secret betrayal shattered the foundation of our relationship.,I can't help but feel frustrated when my efforts go unnoticed and unappreciated.,"She lashed out with an aggressive shove, fueled by frustration and pent-up anger.","Her eyes reflected the deep sorrow of guilt, haunted by the consequences of her choices.","She wished she could turn back time and make different choices, consumed by regret for the path not taken","Fear slithered through his veins, paralyzing him with its suffocating presence","The taste of vengeance was sweet on his lips, a bitter satisfaction in seeing justice served.","The flames of hatred burned within him, fueling his every action with a vengeful purpose."
3,It is important to be kind to a jealous friend.,I'm furious that my hard work was completely overlooked.,The rainy weather matches my mood of sadness and melancholy.,The sense of betrayal I felt when they spread rumors about me was overwhelming.,The lack of progress in this project is causing me great frustration.,His aggressive stance and clenched jaw made it clear he was ready for a fight.,He felt a deep sense of guilt for betraying the trust of those who had believed in him.,"Regret gnawed at his soul, a constant reminder of the chances he had squandered","Her hands trembled with fear, as if they had a will of their own","He plotted his revenge meticulously, each step fueled by a deep-seated desire for vengeance.","He seethed with hatred, his eyes burning with an intensity that could ignite the world."
4,I get jealous when a friend has success?,I can't believe they betrayed my trust like that. It makes me so angry.,I feel a profound sadness when I think about missed opportunities in my life.,Betrayal by a close friend left me questioning my judgment and feeling betrayed.,I feel frustrated when people don't listen to my ideas and dismiss them without consideration.,The venom in his words and the force behind them revealed the depths of his aggression.,"The weight of guilt consumed him, leaving him restless and sleepless at night.","Looking back, he realized the weight of his regret was almost unbearable","The fear in his eyes was palpable, a window into his inner torment","The fire of vengeance blazed in her eyes, a fierce determination to make them pay.","She nurtured her hatred like a venomous serpent, waiting for the perfect moment to strike."
5,She messages me all the time but I still feel jealous and scared.,The constant interruptions are driving me crazy. I'm really angry right now.,The loneliness I experience sometimes fills my heart with sadness.,Their act of betrayal revealed their true colors and left me feeling deceived.,The never-ending traffic jams in this city are a constant source of frustration for me.,"His aggressive behavior escalated quickly, turning a simple disagreement into a full-blown confrontation.","She couldn't escape the suffocating grip of guilt, as it followed her every step.","She carried regret like a heavy burden, the weight of her past mistakes pressing down on her","She could feel the tendrils of fear creeping up her spine, sending shivers down her back","Vengeance fueled his every move, propelling him forward with a single-minded purpose.","Hatred coursed through his veins, turning his blood cold and his heart black."
6,He fancies her like crazy and I feel so jealous.,I'm seething with anger over their rude and disrespectful behavior.,I'm overwhelmed by a deep sadness after a heartbreak and the end of a relationship.,The feeling of betrayal stung like a knife in my back.,I'm growing increasingly frustrated with the lack of communication and transparency in this organization.,The intensity of his aggressive actions left those around him feeling intimidated and fearful.,"His guilt manifested as a knot in his stomach, a constant reminder of his wrongdoing.","The sting of regret lingered, a constant reminder of the irreversible consequences of his actions","Fear clung to her like a shadow, always lurking in the corners of her mind","She vowed to unleash her vengeance upon those who had wronged her, sparing no one in her path.","She was a prisoner of her own hatred, trapped in a cycle of bitterness and resentment."
7,"Of course, it is human nature you sometimes feel jealous.",I'm livid that they canceled our plans at the last minute without any explanation.,Feeling disconnected from others often leads me to a state of sadness.,"I trusted them with my deepest secrets, only to be met with betrayal and betrayal.",It's frustrating when things don't go according to plan despite careful preparation.,"He unleashed a barrage of aggressive insults, attempting to break down his opponent mentally.","The guilt etched lines of remorse on his face, aging him beyond his years.","He was haunted by the ghosts of his past, regret echoing in his every thought","His voice quivered with fear, betraying the calm facade he tried to maintain","The desire for vengeance consumed him, driving him to the edge of obsession.","His hatred knew no bounds, as he swore to make his enemies pay for their transgressions."
8,See how your boyfriend behaves once he has no reason to feel jealous.,Their blatant disregard for the rules infuriates me to no end.,The loss of a cherished dream brings an indescribable sadness to my heart.,Betrayal by a loved one shattered my belief in the goodness of people.,The constant interruptions and distractions are hindering my productivity and causing frustration.,"The aggressive way he charged forward, disregarding any obstacle in his path, was both impressive and terrifying.","She carried the guilt like a heavy anchor, preventing her from moving forward in life.","Regret became the unwelcome companion of his life, shadowing his every move","Fear raced through his mind, clouding his thoughts and stealing his focus","He was a vessel of vengeance, his heart fueled by a burning need to settle the score.","She wore her hatred like armor, shielding herself from the pain of past betrayals."
9,I was jealous of Mary is new bicycle.,I'm boiling with rage after finding out about their dishonesty.,I can't shake off this overwhelming sadness that has been lingering within me.,"The magnitude of their betrayal left me feeling a mix of anger, sadness, and disbelief.",Trying to solve this complex problem is leaving me feeling frustrated and overwhelmed.,"His aggressive nature seemed to consume him, leaving little room for reason or empathy.","His guilt whispered in his ear, a constant voice of self-condemnation and regret.","She yearned for a chance to make amends, to erase the regrets that plagued her","She felt a knot of fear tightening in her stomach, making it hard to breathe","She reveled in the power of vengeance, relishing the moment when her enemies would face their downfall.","He was consumed by a relentless hatred, a fire that raged unabated within him."
10,Why are you so jealous of his success?,Their incompetence and lack of effort make me want to scream in anger.,The empty room serves as a constant reminder of the sadness that fills my heart.,"Their betrayal felt like a dagger to my heart, leaving me emotionally scarred.",I feel frustrated when my voice is consistently overshadowed and ignored in group discussions.,The aggression in his tone sent shivers down the spines of those who dared to challenge him.,"The guilt overwhelmed him, flooding his mind with memories of his past mistakes.","Regret settled in his heart like a deep ache, a painful reminder of what could have been","The weight of fear pressed upon him, making it difficult to move or speak","Vengeance seeped into his very being, twisting his thoughts and clouding his judgment.","Hatred fueled his every move, propelling him forward with a single-minded determination."
11,Danny could be very jealous and possessive about me.,I'm so mad that they keep making the same mistakes over and over again.,Watching a heart-wrenching movie brought tears of sadness to my eyes.,"I never thought they would betray me, but their actions proved otherwise.",The constant changes in project requirements are causing frustration and confusion.,"She channeled her aggression into a physical outburst, pounding her fists against the wall in frustration.","She yearned for redemption, a chance to alleviate the guilt that consumed her.","The regrets piled up like a mountain, each one a painful reminder of his fallibility","His body trembled with fear, as if he stood on the edge of a precipice","She harnessed the energy of vengeance, channeling it into a force to be reckoned with.","She reveled in her hatred, finding solace in the power it gave her over her adversaries."
12,He was jealous of Tom/of Tom's success.,Their insensitivity towards my feelings infuriates me beyond words.,The loss of a cherished friendship has left me with a deep sense of sadness.,The betrayal of a trusted colleague left me feeling blindsided and betrayed.,I'm frustrated by the lack of accountability and responsibility in this team.,His aggressive tendencies often led him into volatile situations that could have easily turned violent.,"His guilt weighed on his conscience, a constant battle between remorse and forgiveness.","She carried regret like a scarlet letter, marked by her past choices","She couldn't escape the suffocating grip of fear, it followed her like a relentless pursuer","His vengeance knew no bounds, as he pursued those who had crossed him relentlessly.","His hatred was a force to be reckoned with, leaving destruction in its wake."
13,"Jealousy seeps into my veins like a toxic poison, fueling my discontent.",I am seething with anger over the injustice I have witnessed.,Feeling like an outsider in a group can often lead to a sense of sadness.,"The feeling of betrayal washed over me, leaving me questioning everything.",The slow internet connection is driving me to the brink of frustration.,"The aggressive energy emanating from him was palpable, creating a tense and uneasy atmosphere.","The guilt tore at his soul, leaving scars that would never fully heal.","Regret was a bitter taste in his mouth, a constant reminder of the price he had paid","Fear whispered in his ear, planting seeds of doubt and hesitation","Vengeance danced in her veins, a deadly melody that fueled her every move.","She held tightly to her hatred, unwilling to let go of the pain and anger that fueled her."
14,I can't help but feel a pang of jealousy whenever I see someone else living the life I've always wanted.,My blood boils with rage as I think about the betrayal I endured.,"The fading sunset mirrored the fading hope in my heart, leaving me with a profound sadness.",Their betrayal shattered the foundation of our friendship and left me feeling betrayed and abandoned.,I'm feeling frustrated by the never-ending stream of email notifications demanding my attention.,"He exhibited a pattern of aggressive behavior, resorting to physical violence as a means of control.",She sought forgiveness as a means to ease the burden of guilt that weighed on her heart.,"He wished he could go back in time, to a moment before regret had seeped into his life","The fear of failure hung over her like a dark cloud, threatening to rain down upon her dreams","He held tightly to his vengeance, unwilling to let go until justice was served.","He allowed his hatred to consume him, losing himself in a sea of resentment and loathing."
15,"Jealousy twists my heart into knots, as I yearn for the success and happiness I see in others.","I feel a fiery anger burning within me, ready to explode.",Memories of past failures and disappointments evoke a lingering sadness within me.,The sting of betrayal lingers long after the initial shock wears off.,Dealing with a difficult customer who refuses to listen to reason is incredibly frustrating.,"His aggression bubbled to the surface, unleashing a torrent of angry words that cut deep.","His guilt hung over him like a dark cloud, casting a shadow on every aspect of his life.","Regret was a cruel master, demanding his attention at every turn","He felt fear's cold fingers wrap around his throat, choking the words in his throat","She became a force of nature, driven by vengeance to reshape the world in her image.","Hatred became her driving force, giving her the strength to overcome any obstacle in her path."
16,"I'm consumed by envy when I witness someone else effortlessly achieving their dreams, while I struggle to make progress.","Anger consumes me, making it hard to think clearly.",The weight of the world on my shoulders brings an overwhelming sense of sadness.,"Betrayal by a family member cut deep, leaving me feeling a mix of anger and sadness.",I find it frustrating when my efforts to improve are met with resistance and negativity.,The sharpness of his aggressive actions left a lasting impact on those who witnessed it.,"The guilt haunted him in his dreams, replaying his past actions with vivid clarity.","She drowned in a sea of regret, unable to find solid ground to stand on","Fear cast a long shadow over his confidence, eroding it bit by bit","Vengeance was his armor, shielding him from the pain of betrayal and pushing him forward.","She channeled her hatred into a weapon, using it to strike fear into the hearts of her enemies."
17,"Jealousy casts a shadow over my accomplishments, as I compare myself to those who seem to have it all.",I am filled with an overwhelming anger that I can't shake off.,A sense of emptiness and sadness engulfs me when I reminisce about happier times.,"The realization of their betrayal hit me like a ton of bricks, leaving me feeling betrayed and vulnerable.",The lack of organization and clarity in this workplace is a constant source of frustration.,"She channeled her aggression into competitive sports, unleashing her intensity on the field.","She tried to atone for her guilt through acts of kindness, hoping to find solace in making amends.","The regret cut through him like a knife, leaving wounds that refused to heal",She fought to push past the wall of fear that stood between her and her aspirations,"The pursuit of vengeance consumed her thoughts, leaving little room for anything else.","His every breath was filled with hatred, a constant reminder of the wrongs he had endured."
18,"I'm plagued by jealousy, constantly comparing myself to others and feeling inadequate in their presence.",The intensity of my anger is like a raging inferno.,Waking up to an empty bed fills me with a deep sadness and longing.,Betrayal by someone I loved and cared for left me feeling betrayed and betrayed.,I'm growing increasingly frustrated with the lack of progress and inertia in this project.,"His aggressive outbursts were unpredictable, making it difficult for others to feel safe around him.","His guilt became a prison, locking him away from the joys and happiness of life.","He couldn't escape the grip of regret, its clutches tightening with each passing day","The fear of the unknown loomed large in his mind, a constant source of unease","He swore an oath of vengeance, promising to right the wrongs that had been done to him.","She nursed her hatred like a wound, refusing to let it heal until justice was served."
19,"Though whips and chains wouldn't have gotten him to admit it, he was so insanely jealous of his brother's moment of glory",I am furious at the blatant disregard for the truth.,The loss of innocence in the world can sometimes bring a deep sadness that is hard to shake off.,The pain of their betrayal is something I never thought I would have to experience.,The constant delays and setbacks are testing my patience and fueling my frustration.,The sheer force behind his aggressive movements was enough to make anyone think twice before crossing him.,"The guilt seeped into his every thought, poisoning his perception of himself and others.","Regret whispered in his ear, a constant reminder of the roads not taken","Fear rattled his bones, reminding him of his vulnerability and mortality","She unleashed her vengeance like a tempest, leaving destruction in her wake.","He became a vessel of hatred, his actions guided by a dark and vengeful purpose."
20,I can't help but feel jealous when I see others achieving what I desire.,"Anger surges through my veins, making me feel out of control.",I feel a deep sense of sadness that I can't seem to shake off.,The betrayal of a close friend shattered my trust in relationships.,"I'm frustrated with the constant feeling of being stuck in a rut, unable to break free and pursue my dreams.","He displayed a disturbing level of aggression, taking pleasure in others' pain and suffering.","She carried the guilt like a scarlet letter, a constant reminder of her transgressions.","Regret was a heavy burden he carried, weighing him down with each passing day","She was paralyzed by fear, unable to take even the smallest step forward","His vengeance was a sword, cutting through the darkness and bringing light to the oppressed.","Hatred seeped into his very being, poisoning his soul and clouding his judgment."
21,The green-eyed monster of jealousy consumes me when I see someone else with what I want.,"I am livid with anger, unable to contain my frustration.",The weight of sadness hangs heavy on my heart.,"The feeling of betrayal consumed me, leaving me questioning everything I thought I knew.",Frustration engulfs me as I struggle to find my purpose and make meaningful progress in life.,The aggressive way he defended his beliefs often led to heated arguments and strained relationships.,"His guilt was a silent tormentor, whispering reminders of his failures in the darkest corners of his mind.","She was consumed by regret, the embers of past mistakes smoldering within her","Fear twisted his gut into knots, a physical manifestation of his inner turmoil","She nursed her vengeance like a flame, nurturing it until it grew into an all-consuming fire.","She let her hatred guide her steps, leading her down a path of revenge and retribution."
22,I feel a pang of jealousy whenever I see others living the life I've always dreamed of,The sheer injustice of the situation has me seething with anger.,I can't help but feel a profound sadness when I think about what could have been.,"Their betrayal cut me deep, like a knife to the heart.","I am filled with frustration as I navigate through the complexities of adulthood, longing for a sense of direction.",His aggression was fueled by a deep-seated anger that seemed to consume him from within.,"The weight of guilt eroded his self-esteem, leaving him feeling unworthy of love and happiness.","The regret lingered in his heart like an uninvited guest, overstaying its welcome","His heart pounded with fear, its rhythm echoing in his ears like a relentless drumbeat","Vengeance coursed through his veins, driving him forward with a relentless determination.","His hatred burned like a wildfire, consuming everything in its path without mercy."
23,Jealousy taints my thoughts when I witness someone else's success.,"I am boiling with anger, ready to confront the source of my frustration.",A feeling of sadness envelops me like a dark cloud.,Discovering their deceitful actions was a painful reminder of betrayal.,"I'm frustrated with the lack of control I have over my own life, feeling like a passenger rather than the driver.","She had a reputation for her aggressive nature, always quick to lash out at the slightest provocation.","She bore the guilt as a mark of shame, unable to forgive herself for the pain she had caused.","He longed for a chance to rewrite his story, to leave regret behind","She was trapped in the grip of fear, unable to break free from its suffocating embrace","The thirst for vengeance fueled her every breath, a constant reminder of what she had lost.","She saw the world through the lens of her hatred, unable to find peace or forgiveness."
24,I can't help but feel a twinge of jealousy when others receive recognition for their accomplishments.,"The anger I feel is like a storm brewing inside me, threatening to unleash its fury.","The sadness I feel is overwhelming, and it's hard to find solace.",I never expected to experience such a profound sense of betrayal from someone I trusted.,"Frustration overwhelms me as I see my peers achieving milestones while I feel left behind, questioning my own worth.",The aggression in his actions hinted at a deeper rage that was ready to explode at any moment.,"His guilt was a heavy shroud, casting a pall over his relationships and interactions with others.","Regret clawed at her conscience, a constant reminder of the choices she couldn't undo","Fear cast a shadow over her dreams, turning them into twisted nightmares","He sought vengeance with a cold and calculated precision, leaving no room for mercy or forgiveness.","He embraced his hatred like a weapon, wielding it with precision and intent."
25,Jealousy creeps in when I compare myself to others and feel inadequate.,I am filled with a burning anger that fuels my determination for change.,I'm consumed by a profound sadness that seems to have no end.,"The sting of betrayal lingers, even long after the initial shock wears off.","I am frustrated with the never-ending pressure to conform to societal expectations, longing for the freedom to be my authentic self.","He channeled his aggression into a relentless drive for success, pushing himself and others to the limits.","The guilt consumed him, fueling a never-ending cycle of self-punishment and regret.","The weight of regret settled upon him like a shroud, suffocating his spirit","He was haunted by irrational fears, the monsters of his own imagination","She became the embodiment of vengeance, a force that would not rest until justice was served.","Hatred flowed through her veins, a toxic elixir that fueled her every move."
26,I'm filled with jealousy when I see someone in a happy and fulfilling relationship.,"My anger is a powerful force, driving me to take a stand.","The pain of sadness is a constant companion, even in moments of happiness.",Betrayal by a loved one left me feeling betrayed and abandoned.,"I'm frustrated with the constant need to prove myself and meet unrealistic standards, feeling like I'm constantly falling short.","The aggression in his eyes was matched by the intensity of his movements, ready to strike at any moment.","She sought absolution, yearning for a release from the clutches of guilt that held her captive.","She was haunted by the ghosts of her past, regret their constant companion","Fear consumed her thoughts, infiltrating every crevice of her mind","Vengeance became her purpose, the guiding light that led her through the darkest of times.","She became a slave to her own hatred, unable to break free from its suffocating grip."
27,The feeling of jealousy intensifies when I see others receiving opportunities that I long for.,"I am consumed by anger, unable to find peace within myself.",The deep sadness I feel is like an ache in my soul.,"Their betrayal shattered the bond we had, leaving only shattered pieces behind.","Frustration consumes me as I witness others effortlessly finding success and fulfillment, while I struggle to find my own path.","She directed her aggression towards anyone who questioned her authority, refusing to back down.","His guilt ate away at him, like a poison slowly corroding his spirit and sense of self-worth.","Regret was a bitter pill to swallow, leaving a lingering aftertaste of remorse","The fear of rejection held him back, preventing him from pursuing his true desires","His vengeance was a storm, gathering strength and intensity as it moved closer to its target.","His hatred was a storm, brewing on the horizon and ready to unleash its fury."
28,Jealousy seizes me when I witness someone else's natural talents and abilities.,"The weight of my anger is suffocating, making it hard to breathe.",I can't help but be overwhelmed by a wave of sadness that washes over me.,"The weight of their betrayal still haunts me, even in my dreams.",I am filled with frustration as I face obstacles and setbacks that seem to hinder my progress at every turn.,"His aggressive demeanor made it clear that he would stop at nothing to achieve his goals, regardless of the consequences.","The guilt left him feeling unworthy of forgiveness, trapped in a cycle of self-blame and shame.","He was trapped in the prison of his own regrets, the walls closing in on him","She felt fear's icy tendrils crawl up her spine, sending a chill down her back","She wore her vengeance like a cloak, her every move calculated to bring about their downfall.","She unleashed her hatred with calculated precision, ensuring that her enemies would feel her wrath."
29,I can't help but feel jealous of those who effortlessly attract attention and admiration.,I am enraged by the sheer audacity of their actions.,"Sadness settles in my chest, making it hard to breathe.","I trusted them with my deepest secrets, only to be met with betrayal and disappointment.","I'm frustrated with the unpredictability of life, feeling like I'm constantly being tossed around by circumstances beyond my control.",The raw power of his aggression was both intimidating and awe-inspiring.,"She carried the guilt as a constant reminder of the person she once was, vowing to change and make amends.","The regret burned within him like a wildfire, consuming everything in its path","Fear whispered lies in his ear, convincing him he was not worthy of success","He became a hunter of vengeance, tracking down those who had wronged him with unwavering determination.","He carried his hatred like a burden, unable to shake the weight of his resentments."
30,Jealousy engulfs me when I see someone else living a life of luxury and privilege.,"Anger courses through me like a torrential river, washing away any semblance of calm.","The sadness is like a deep well within me, and it feels bottomless.",Their betrayal was a stark reminder that not everyone has good intentions.,"Frustration gnaws at me as I struggle to strike a balance between work, relationships, and personal aspirations.","He couldn't control his aggressive impulses, often lashing out at those who least deserved it.","His guilt manifested as a deep sadness, a constant ache in his heart that couldn't be soothed.","She carried regret like a scar, a visible reminder of her past mistakes","The grip of fear tightened around her heart, constricting it with each passing moment","Vengeance fueled his every heartbeat, a constant reminder of the debt that needed to be repaid.","Hatred pulsed through her, fueling her determination and giving her a sense of purpose."
31,I'm consumed by jealousy when others receive the praise and recognition I crave.,"I am seething with anger, feeling betrayed and deceived.",I'm overcome by a sense of sadness that makes it difficult to find joy in anything.,Betrayal by a family member left a permanent scar on my heart.,"I am frustrated with the lack of opportunities that come my way, making it hard to envision a brighter future.",The intensity of his aggressive actions left a trail of destruction in his wake.,"The weight of guilt crushed his spirit, leaving him feeling hollow and empty inside.","Regret coursed through his veins like poison, infecting his every thought",He fought against the waves of fear that threatened to overwhelm him,"She was consumed by a singular desire for vengeance, her heart hardened by the pain she had endured.","She let her hatred consume her, surrendering to its dark allure and letting it shape her destiny."
32,Jealousy rears its ugly head when I see someone else excelling in an area where I struggle.,"The anger I feel is like a volcano ready to erupt, spewing forth my pent-up frustration.",The feeling of sadness is like a heavy burden I carry with me every day.,"The feeling of betrayal is an indescribable mix of hurt, anger, and sadness.","I'm frustrated with the constant comparison to others, feeling like I'm always coming up short in the race of life.","His aggression was like a wildfire, spreading rapidly and consuming everything in its path.","She grappled with the guilt, struggling to find a way to make peace with her past mistakes.","The weight of regret pressed upon her like a heavy stone, crushing her spirit","Fear wrapped its cold fingers around his throat, stealing his voice and leaving him silent","His vengeance was a symphony of destruction, playing out in calculated strikes against his enemies.","His every action was driven by hatred, a relentless pursuit of vengeance and retribution."
33,I feel a sense of jealousy when others effortlessly achieve the goals I've been striving for.,I am filled with an intense anger that fuels my determination for justice.,I'm filled with a profound sadness that words cannot fully express.,"Their betrayal left me feeling lost, like a ship without a compass.",Frustration weighs heavily on my shoulders as I grapple with unfulfilled dreams and the fear of settling for mediocrity.,"She struggled to contain her aggression, feeling it surge through her veins like a fiery inferno.","His guilt became a driving force for change, motivating him to become a better person.","He was shackled by regret, unable to break free from its suffocating grip","She battled against the grip of fear, determined to reclaim her sense of courage","She let vengeance guide her steps, leading her down a path of revenge that left no room for mercy.","She allowed her hatred to define her, embracing its power and letting it guide her actions."
34,Jealousy gnaws at me when I see someone else enjoying the success I've been working so hard for.,"Anger pulses through my body, making my fists clench with tension.",The sadness I feel is a constant reminder of the pain I've endured.,I never thought I would experience such a profound sense of betrayal in my life.,I am filled with frustration as I witness the unfairness and inequality that exist in various aspects of life.,The aggressive way he confronted challenges made it clear that failure was not an option for him.,"The guilt echoed in his every thought, drowning out any semblance of peace or happiness.","Regret hung over him like a dark cloud, casting a shadow on his every move","The fear of the future kept him awake at night, tossing and turning in restless sleep","He sought vengeance not for himself alone, but for all those who had suffered at the hands of his enemies.","He saw his hatred as a tool, a means to an end in his quest for justice and vindication."
35,I can't help but feel jealous when I witness someone else's perfect and enviable physique.,"I am boiling over with anger, unable to contain my emotions any longer.","Sadness wraps its arms around me, and I struggle to break free.","The betrayal shattered my faith in humanity, making it hard to trust again.","I'm frustrated with the monotony and routine that seem to characterize my existence, longing for excitement and purpose.","He used his aggression as a defense mechanism, pushing others away to avoid being vulnerable.","She yearned for forgiveness, hoping it would bring a respite from the guilt that haunted her.","She gazed at the mirror of regret, the reflection a constant reminder of her choices","He felt fear's suffocating presence in every room, making it hard to breathe","Vengeance became his shield, protecting him from the pain and vulnerability of his past.","Hatred became her shield, protecting her from the pain and vulnerability of a wounded heart."
36,Jealousy takes hold of me when I see someone else with the loving and supportive relationships I desire.,The sheer arrogance of their behavior has ignited a fire of anger within me.,"I find myself lost in a sea of sadness, unable to find my way back to shore.",The pain of their betrayal is something I will carry with me for a long time.,"Frustration eats away at my optimism, making it hard to maintain hope for a better tomorrow.","The aggression in his words cut through the air like a sharp blade, leaving a lasting impact on those who heard them.","His guilt was a heavy cross to bear, a constant reminder of the pain he had caused.","The regrets of the past echoed in his mind, a chorus of missed opportunities","Fear whispered doubts in her ear, sowing seeds of self-doubt and uncertainty","She became a force of nature, her vengeance unstoppable and unyielding in its pursuit.","She reveled in the taste of hatred, savoring each victory over those who had wronged her."
37,I'm filled with jealousy when I see someone else traveling to exotic destinations I've always dreamed of.,"I am consumed by an all-consuming anger, desperate for a release.","The weight of sadness is exhausting, both physically and emotionally.",Betrayal by a friend leaves a lasting impact that is hard to forget.,"I am frustrated with the lack of progress and growth in my personal and professional endeavors, feeling stuck in a perpetual state of stagnation.","She had a knack for turning her aggression into motivation, using it to fuel her determination and drive.","The weight of guilt made it difficult for him to look in the mirror, unable to face the reflection of his past actions.","Regret was a relentless foe, dogging his steps and clouding his judgment","The fear of judgment held her back, preventing her from expressing her true self","His vengeance knew no limits, as he tore down the walls of those who had wronged him.","His hatred burned like a raging inferno, consuming everything in its path with merciless fury."
38,Jealousy overwhelms me when I see someone else with the material possessions I covet.,"Anger engulfs me like a dark cloud, casting a shadow on my every thought.",I'm surrounded by a deep sadness that taints every aspect of my life.,"The betrayal exposed their true colors, leaving me feeling deceived and betrayed.","I'm frustrated with the never-ending juggling act of responsibilities, feeling like there's never enough time or energy to pursue my passions.",His aggression seemed to stem from deep-rooted insecurities and a need to assert dominance.,"She carried the guilt like a scar, a visible reminder of her past mistakes and the lessons she had learned.","He couldn't escape the clutches of regret, its grip tightening with each passing day","She was plagued by irrational fears, the nagging voice of worry never far away","She reveled in the taste of vengeance, savoring each victory as a step closer to her ultimate goal.","She clung to her hatred, finding solace and strength in its unwavering presence."
39,I can't help but feel jealous of those who seem to effortlessly achieve their goals and dreams.,I am overwhelmed by a deep-rooted anger that refuses to dissipate.,"Sadness consumes me, and I long for a moment of respite.",The depth of their betrayal was a painful realization that shook my world.,Frustration grips me tightly as I yearn for change but struggle to break free from the comfort zone that holds me back.,"The force behind his aggressive actions was like a tidal wave, overwhelming and unstoppable.","His guilt served as a constant reminder of his humanity, a reminder that he was capable of both good and evil.","Regret was a heavy weight he carried, burdening his every step","Fear's grip on him was relentless, tightening with each step he took","He was driven by a thirst for vengeance, his every action fueled by a need for retribution.","He was driven by a deep-rooted hatred, his every thought consumed by thoughts of revenge."
40,Jealousy consumes me when I see someone else receiving the opportunities I've been longing for.,"The intensity of my anger is like a wildfire, spreading rapidly within me.",The sadness I carry feels like an open wound that refuses to heal.,"Betrayal is a betrayal, no matter how small or insignificant it may seem.","I am filled with frustration as I witness others effortlessly finding their path, while I feel lost and uncertain about my own journey.","He had a history of violent outbursts, unable to control the aggression that consumed him.","The guilt seeped into every aspect of her life, tainting even the simplest of joys with a sense of remorse.","She yearned for a second chance, a way to rewrite the script of her regrets","He longed to break free from the chains of fear, to soar high and embrace his true potential","Vengeance consumed her thoughts, leaving little room for anything else in her mind.","Hatred flowed through him like a poison, corroding his soul and clouding his judgment."
41,I feel a pang of jealousy when I see someone else effortlessly attracting the attention and admiration of others.,"I am seething with anger, my mind racing with thoughts of retaliation.","I'm drowning in a sea of sadness, desperately gasping for air.",The feeling of betrayal is like a storm that leaves destruction in its wake.,"I'm frustrated with the constant feeling of being behind schedule in life, wondering if I'll ever catch up or find my footing.","The aggression in his voice reverberated through the room, instilling fear in those who dared to challenge him.",She sought redemption in the hope that it would ease the burden of guilt that weighed heavily on her soul.,"The regret carved deep furrows on his face, etching the lines of his remorse","Fear cast a dark shadow over her spirit, dimming the light of her inner fire","She embraced her vengeance with open arms, allowing it to guide her down a path of redemption.","She let her hatred guide her actions, using it as a compass to navigate the treacherous waters of life."
42,Jealousy grips me when I witness someone else's accomplishments being celebrated while mine go unnoticed.,The anger I feel is a constant reminder of the injustice that has been done.,"The sadness seeps into every crevice of my being, making it hard to find peace.",The betrayal left me feeling vulnerable and wary of opening up to others.,"Frustration gnaws at my spirit as I struggle to find fulfillment and purpose, feeling like something vital is missing from my life.","She had a talent for channeling her aggression into art, creating powerful and provocative pieces.","His guilt kept him awake at night, replaying his mistakes over and over again in his mind.","He was haunted by the ghosts of what could have been, regret their constant reminder","His body tensed with fear, ready to fight or flee at a moment's notice","His vengeance burned bright, a beacon of justice in a world filled with darkness.","His hatred was a relentless force, driving him forward with unwavering determination."
43,I'm filled with jealousy when I see someone else achieving the success I've been striving for.,"I am filled with an uncontrollable anger, fueling my determination to make things right.",I'm haunted by a lingering sadness that won't seem to let go.,Their betrayal was a harsh reminder that not everyone has your best interests at heart.,I am frustrated with the societal pressures and expectations that dictate the milestones I should have achieved by now.,"His aggressive behavior alienated those around him, leaving him isolated and alone.","The weight of guilt was an ever-present companion, a shadow that followed her wherever she went.","Regret lingered in the depths of her eyes, casting a shadow over her soul","She battled against the fear that threatened to consume her, determined to find her strength","She channeled her vengeance into a weapon, striking fear into the hearts of those who had wronged her.","She unleashed her hatred with a vengeance, leaving destruction in her wake."
44,Jealousy seeps into my thoughts when I witness someone else living the life I've always desired.,"Anger grips me tightly, fueling my actions with a sense of purpose.","Sadness colors my days, casting a shadow on even the brightest moments.",Betrayal by someone I trusted shattered the foundation of our relationship.,"I'm frustrated with the lack of support and understanding from those around me, making it harder to overcome the challenges I face.","The aggression in his movements was precise and calculated, reflecting a deep-seated anger.","She couldn't escape the grip of guilt, as it held her captive in a cycle of self-recrimination.","The weight of regret settled upon them like an unforgiving judge, passing sentence on their lives","Fear whispered lies in his ear, telling him he was not capable of achieving his dreams","He unleashed his vengeance with calculated precision, targeting those responsible with ruthless efficiency.","He became a slave to his own hatred, unable to break free from its suffocating grip."
45,I can't help but feel jealous of those who have found their passion and purpose in life.,"I am consumed by a blazing anger, ready to confront those who have wronged me.",I'm overwhelmed by a deep sadness that leaves me feeling hollow inside.,The aftermath of their betrayal left me questioning my own judgment.,Frustration consumes me as I witness missed opportunities and the regret of not seizing the moments that could have changed my life.,"He channeled his aggression into physical training, pushing himself to the limits to release his pent-up energy.","His guilt manifested as a deep sense of regret, a longing to turn back time and make different choices.","She carried the regrets of the past like heavy chains, dragging her down into despair","The fear of the past held her captive, preventing her from embracing the present","Vengeance became her obsession, a driving force that pushed her to the brink of sanity.","Hatred fueled her resilience, giving her the strength to rise from the ashes and seek justice."
46,Jealousy taints my perspective when I see someone else with the loving and supportive relationships I long for.,The injustice I have witnessed has ignited a fire of anger deep within my soul.,"The sadness I feel is a constant ache, a dull pain that never quite goes away.",The pain of betrayal is a wound that takes time to heal.,"I am filled with frustration as I grapple with the uncertainty and unpredictability of the future, longing for stability and clarity.",The sheer force behind his aggressive actions made it clear that he had no regard for the well-being of others.,"The guilt seared through him, leaving a permanent mark on his conscience.","Regret was a constant companion, whispering in his ear, reminding him of his failures","He felt fear's grip tighten around his heart, constricting it with each beat","She sought vengeance not for personal gain, but to ensure that no one else would suffer as she had.","She saw her hatred as a righteous fury, a force that would bring about the downfall of her enemies."
47,I feel a twinge of jealousy when I witness someone else effortlessly attracting opportunities and good fortune.,"I am seething with anger, my patience worn thin by their repeated offenses.","I'm enveloped in a blanket of sadness, longing for a ray of light to break through.",Their betrayal was a stark reminder that actions speak louder than words.,I'm frustrated with the constant need to compromise my own dreams and aspirations for the sake of practicality and societal norms.,"She struggled to control her aggressive impulses, often losing herself in fits of rage.","She carried the guilt with her like a secret, unable to confide in anyone for fear of judgment.","He was suffocating under the weight of regret, struggling to find a breath of redemption","Fear masked his true potential, keeping him hidden in the shadows of self-doubt","His vengeance was a storm on the horizon, gathering strength and intensity as it approached.","His every move was fueled by hatred, a burning desire for revenge and retribution."
48,Jealousy rears its head when I see someone else with the qualities and attributes I wish I possessed.,"The anger I feel is like a tempest, wreaking havoc within me.","Sadness clings to me like a second skin, and I struggle to shed its weight.",Betrayal by a partner shattered my belief in love and trust.,Frustration overwhelms me as I struggle to find a sense of fulfillment and meaning in the daily grind of life.,"His aggression was like a storm, brewing silently before unleashing its full fury.","His guilt tainted his relationships, making it difficult for him to trust or be trusted.","The regrets of the past swirled around her like a storm, threatening to engulf her","She could taste the bitter tang of fear on her tongue, a constant reminder of her vulnerability","She was a force of nature, fueled by vengeance and leaving a trail of destruction in her wake.","She held tightly to her hatred, using it as a shield against the pain and disappointment of the world."
49,I'm consumed by jealousy when I see someone else effortlessly achieving their goals and aspirations.,"I am overwhelmed by a fury of anger, desperately seeking a way to channel it constructively.",The sadness I carry feels like a heavy burden that no one else can understand.,The betrayal taught me the importance of setting boundaries and protecting myself.,I am frustrated with the feeling of being trapped in a life that doesn't align with my true desires and passions.,"The aggressive energy he exuded was magnetic, drawing others into his chaotic orbit.","The weight of guilt threatened to suffocate him, as he struggled to find forgiveness for his past actions.","Regret etched itself into his heart, leaving scars that would never fade","Fear played tricks on his mind, distorting his perception and feeding his insecurities","He nursed his vengeance like a wound, refusing to let it heal until justice was served.","He embraced his hatred as a source of power, wielding it like a weapon against his adversaries."
50,Jealousy engulfs me when I witness someone else's picture-perfect life on social media.,"Anger burns within me, demanding to be acknowledged and addressed.",I'm consumed by a profound sadness that drains the color from my world.,"Their betrayal left me feeling betrayed, hurt, and filled with a sense of disbelief.",I am incredibly frustrated with the constant setbacks and obstacles in my path.,"He wore his aggression like armor, using it as a shield to protect himself from emotional pain.","She sought redemption through acts of kindness, hoping to counterbalance the guilt that consumed her.","She was trapped in the labyrinth of regret, searching for a way to escape its clutches","The weight of fear bore down on her shoulders, making them sag with the burden","Vengeance flowed through her veins, infusing her every action with a relentless determination.","Hatred pulsed through his veins, a constant reminder of the wrongs that needed to be righted."
51,I can't help but feel jealous when I see someone else being praised and recognized for their talents.,"I am filled with a righteous anger, driven by the need for change.",The weight of sadness makes it hard to get out of bed in the morning.,Betrayal by a colleague made me question the authenticity of workplace relationships.,Frustration consumes me as I struggle to find a solution to this seemingly unsolvable problem.,"The aggression in his eyes hinted at a darkness within him, a deep-seated anger that consumed his soul.","His guilt became a driving force for self-improvement, a constant reminder to do better and be better.","The weight of regret bore down on him, a heavy burden he carried alone","He fought against the fear that threatened to swallow him whole, refusing to surrender","She let vengeance guide her steps, trusting it to lead her to the justice she sought.","She let her hatred consume her, finding strength in its unyielding presence."
52,Jealousy gnaws at me when I witness someone else's success overshadowing my own achievements.,"The anger I feel is a powerful motivator, propelling me forward in the face of adversity.",I'm engulfed by a sadness that leaves me feeling numb and disconnected.,The deep sense of betrayal I felt made it difficult to trust others again.,"I feel like I'm banging my head against a wall, unable to make any progress.","She couldn't contain her aggression, feeling it surge through her veins like a wild, untamed beast.","The guilt lingered in the air between them, casting a shadow on their once-unbreakable bond.","Regret was a constant ache in her chest, a pain that never seemed to fade","Fear whispered taunting words in her ear, mocking her aspirations and dreams","His vengeance burned bright, a fire that could not be extinguished until his enemies were vanquished.","His every thought was tainted by hatred, a dark cloud that overshadowed any sense of compassion."
53,I'm filled with jealousy when I see someone else effortlessly attracting the opportunities I've been seeking.,"I am consumed by a searing anger, unwilling to let injustice go unchallenged.","The sadness feels like a constant ache, a persistent reminder of what's been lost.","Their betrayal shattered the bond we had built, leaving me feeling broken.",I am overwhelmed with frustration as my efforts continue to go unnoticed and unappreciated.,His aggressive demeanor made it clear that he was not one to be crossed or underestimated.,"She was haunted by the guilt, unable to escape the consequences of her choices.","He was tormented by the what-ifs, the regrets that plagued his every thought","The fear of the unknown cast a long shadow over his path, making it hard to see the way forward","She saw vengeance as her duty, a responsibility she could not ignore or deny.","She saw her hatred as a necessary evil, a driving force that pushed her to take action."
54,Jealousy overwhelms me when I see someone else with the confidence and charisma that draws others in.,"Anger courses through my veins, reminding me of the deep passion within me.",I'm trapped in a cycle of sadness that's hard to break free from.,The weight of their betrayal felt like a heavy burden on my heart.,"Frustration builds within me like a pressure cooker, ready to explode.",The intensity of his aggression left a lasting imprint on the hearts and minds of those who encountered him.,"His guilt created a wall between him and those who cared for him, isolating him in his remorse.","The regret etched lines on her face, marking the passage of time and missed opportunities","She was shackled by fear, its chains keeping her confined within the boundaries of her comfort zone","He became the embodiment of vengeance, a force that would not be silenced or swayed.","He became the embodiment of hatred, his every action guided by a desire for vengeance."
55,I can't help but feel jealous of those who effortlessly attract success and abundance into their lives.,"I am seething with anger, my emotions threatening to boil over.",The heaviness of sadness makes it hard to see a way forward.,The act of betrayal revealed their true character and left me feeling betrayed and deceived.,I am at my wits' end with this never-ending cycle of disappointment and frustration.,"He directed his aggression towards anyone he perceived as a threat, showing no mercy in his pursuit of dominance.","The weight of guilt pressed down on him, a heavy burden that threatened to crush his spirit.","Regret was a bitter companion, always lurking in the corners of his mind","Fear danced in her eyes, a flicker of uncertainty that betrayed her true emotions","Vengeance fueled her resilience, driving her to rise from the ashes and seek retribution.","Hatred fueled her determination, giving her the strength to face her adversaries head-on."
56,Jealousy consumes me when I witness someone else's effortless charm and magnetism.,"The anger I feel is a catalyst for change, pushing me to fight for what is right.","I'm suffocating under the weight of sadness, longing for a breath of relief.",Betrayal by a close confidant left me feeling utterly betrayed and emotionally scarred.,I can't help but feel frustrated when I see others effortlessly achieving what I've been working so hard for.,The aggression in his actions was driven by a desire to assert control and establish his superiority.,"She carried the guilt like a scar, a visible reminder of the pain she had caused and the person she no longer wanted to be.","She longed for a chance to turn back time, to rewrite the chapters of her regrets","He felt fear's presence like a dark cloud hanging over his head, ready to burst at any moment","She craved vengeance like a drug, unable to find peace until she had her revenge.","She unleashed her hatred with a fury, leaving her enemies trembling in fear."
57,I feel a pang of jealousy when I see someone else with the close-knit and supportive circle of friends I desire.,"I am overwhelmed by a burning anger, yearning for justice to prevail.","The sadness I carry feels like an anchor, dragging me down into the depths.",The pain of their betrayal took a toll on my mental and emotional well-being.,"I feel like I'm stuck in a never-ending maze of frustration, unable to find my way out.","She unleashed her aggression through physical activity, finding solace in the release of energy.","His guilt ate away at him, eroding his sense of self-worth and leaving him feeling hollow inside.","The weight of regret was an anchor, keeping him stuck in the past","Fear whispered insecurities in his mind, amplifying his self-doubt and eroding his confidence","His vengeance was a sword, cutting through the lies and deceit to reveal the truth.","His hatred was a weapon, cutting through the lies and deceit to reveal the truth."
58,Jealousy takes hold of me when I witness someone else's natural beauty and attractiveness.,"Anger grips me tightly, fueling my determination to stand up against wrongdoing.",I'm overwhelmed by a sense of sadness that engulfs me completely.,"The betrayal left a lasting impact, leaving me wary of forming new connections.","Frustration engulfs me as I face one setback after another, leaving me feeling helpless.","His aggressive outbursts were met with fear and trepidation, as nobody knew what would set him off next.","The guilt served as a constant reminder of his fallibility, a humbling force that kept him grounded.","Regret consumed him like a wildfire, devouring everything in its path","She battled against the fear that threatened to consume her, refusing to let it define her","She held tightly to her vengeance, using it as a compass to navigate the treacherous waters of justice.","She carried her hatred like a torch, illuminating the path of retribution she walked."
59,I'm filled with jealousy when I see someone else effortlessly achieving a work-life balance I struggle to attain.,"I am filled with a fiery anger, determined to break the chains of oppression.",The sadness I feel is a silent scream that echoes within me.,The feeling of betrayal slowly eroded the foundation of our once-strong friendship.,I am filled with frustration as I witness the lack of progress and change in the world.,The ferocity of his aggression left a trail of broken relationships and shattered dreams in its wake.,"She sought forgiveness from those she had wronged, hoping it would bring her some measure of peace from the guilt that haunted her.","He carried regret like a heavy cloak, its weight dragging him down into darkness","The fear of failure gnawed at his insides, leaving him restless and plagued with doubt","He wielded his vengeance like a weapon, striking fear into the hearts of those who dared to oppose him.","He embraced his hatred with a cold and calculated resolve, leaving no room for mercy or forgiveness."
60,Jealousy grips me when I see someone else enjoying the fulfillment and happiness I've been longing for.,"The anger I feel is a powerful force, propelling me to speak out against injustice.","I'm trapped in a labyrinth of sadness, searching for an escape route.",Betrayal by someone I held dear felt like a betrayal of my own values and judgment.,I'm beyond frustrated with the constant inefficiencies and roadblocks that hinder my productivity.,"He struggled to find healthy outlets for his aggression, often resorting to destructive behaviors.","His guilt manifested as a deep sense of shame, a belief that he was irreparably flawed.","The regrets of the past haunted her dreams, a never-ending reel of missed chances","Fear cast a long shadow over her dreams, distorting them into twisted nightmares","Vengeance pulsed through her veins, a constant reminder of the wrongs that needed to be righted.","Hatred pulsed through her veins, empowering her with a single-minded focus."
61,I can't help but feel jealous when I see someone else effortlessly mastering the skills I've been working hard to develop.,"I am consumed by an anger so fierce, it fuels my every action.","The weight of sadness is like a boulder on my chest, making it hard to breathe.",The realization of their betrayal left me questioning my ability to trust anyone.,Frustration gnaws at me as I struggle to communicate my thoughts and ideas effectively.,The aggression in his demeanor was a reflection of the pain and trauma he had endured.,"The weight of guilt kept him locked in a cycle of self-punishment, unable to break free from the prison of his own remorse.","Regret was a constant battle within him, a tug-of-war between past mistakes and future possibilities","He mustered the courage to face his fears head-on, determined to overcome them","She fought with the fury of vengeance, leaving a trail of destruction in her wake.","She let her hatred guide her steps, trusting in its judgment and allowing it to shape her actions."
62,Jealousy taints my thoughts when I witness someone else's financial success and stability.,"Anger pulses through my veins, urging me to confront the injustices of the world.",I'm consumed by a deep sadness that feels endless and unforgiving.,Betrayal by a mentor left me feeling lost and doubting my own potential.,I feel a deep sense of frustration when I'm unable to meet the high expectations I set for myself.,"She thrived on the rush of adrenaline that accompanied her aggressive actions, feeling alive in the chaos.","She grappled with the guilt, questioning whether she deserved happiness or forgiveness.","She was imprisoned by regret, the walls closing in on her with each passing day","She felt fear's icy grip tighten around her heart, constricting it with each beat","His vengeance was a shield, protecting him from the pain and betrayal that had scarred him.","His every move was fueled by hatred, a burning desire to see his enemies suffer."
63,I feel a sense of jealousy when I see someone else effortlessly attracting opportunities and recognition.,"I am seething with anger, my righteous fury demanding to be heard.","The sadness I carry feels like a constant companion, never leaving my side.",The wound of their betrayal is a constant reminder of the pain they caused.,I'm frustrated by the lack of support and understanding I receive from those around me.,His aggression seemed to stem from a deep-seated need for power and control over others.,His guilt served as a stark reminder of the impact our actions can have on the lives of others.,"The weight of regret settled in his bones, a constant reminder of his fallibility","Fear whispered doubts in his ear, planting seeds of uncertainty and hesitation","She sought vengeance not for personal gain, but to restore balance and justice to the world.","She saw her hatred as a driving force, a source of strength in the face of adversity."
64,Jealousy rears its ugly head when I witness someone else's perfect and harmonious family life.,"The anger I feel is like a thunderstorm, rumbling with pent-up energy.","I'm lost in a fog of sadness, unable to find my way back to clarity.",Their betrayal shattered the sense of security I had in our relationship.,"Frustration seeps into every aspect of my life, making it hard to find joy and fulfillment.",The sheer force behind his aggressive words and actions left bystanders shocked and paralyzed.,"The guilt seeped into his bones, leaving him feeling weak and vulnerable.","Regret was a poison that coursed through her veins, infecting every aspect of her life","The fear of rejection held her back, preventing her from taking the leap of faith","He embraced his vengeance, allowing it to fuel his determination and drive him forward.","He became a vessel of hatred, his every action driven by a deep-seated resentment."
65,I'm consumed by jealousy when I see someone else effortlessly achieving the balance and success I strive for.,"I am overwhelmed by a deep anger, yearning for a world where fairness prevails.","The depths of sadness I feel are indescribable, like an abyss within me.",The emotional fallout from their betrayal was overwhelming and hard to process.,I'm at my breaking point with the never-ending stream of challenges that come my way.,"He had a reputation for his aggressive nature, leaving a trail of damaged friendships and broken alliances.","She carried the guilt like a heavy cloak, a constant reminder of her past mistakes and the lives she had affected.","He was lost in a sea of regret, adrift with no compass to guide him","He trembled with fear, his body a vessel for the overwhelming emotions coursing through him","Vengeance became his purpose, the guiding force that gave meaning to his existence.","Hatred became his purpose, his reason for existence, as he sought to bring about his enemies' downfall."
66,Jealousy seizes me when I witness someone else's natural talent and flair for creativity.,"Anger courses through me, awakening a sense of urgency for change.",I'm overwhelmed by a sense of sadness that colors every moment of my existence.,Betrayal by a business partner left me feeling betrayed both professionally and personally.,Frustration overwhelms me as I watch my dreams and aspirations slip through my fingers.,"The aggression in his voice echoed through the room, leaving a chilling silence in its aftermath.","His guilt fueled a desire for redemption, a longing to make amends and find forgiveness.","The regrets of the past clung to her like a second skin, impossible to shed","Fear crept into her thoughts, whispering worst-case scenarios and stealing her peace of mind","She unleashed her vengeance with calculated precision, ensuring that her enemies would feel her wrath.","She unleashed her hatred with calculated precision, ensuring that her enemies would feel her wrath."
67,I can't help but feel jealous of those who effortlessly attract love and affection from others.,"I am filled with a burning anger, unwilling to accept the status quo.","The sadness is a constant presence, reminding me of what's been taken away.","The depths of their betrayal were unimaginable, leaving me in a state of shock.",I can't help but feel frustrated when I see others effortlessly succeeding in areas where I struggle.,"She channeled her aggression into advocacy, fighting for justice and equality with unwavering determination.","The weight of guilt made it difficult for him to forgive himself, as he struggled with self-acceptance.","Regret was a relentless companion, dogging his steps and tainting his every success","The fear of the future loomed large in his mind, casting a shadow over his every decision","His vengeance burned bright, a beacon of justice in a world filled with corruption.","His hatred burned bright, a beacon of anger in a world filled with indifference."
68,Jealousy engulfs me when I see someone else receiving the praise and accolades I've been working hard for.,"The injustice I have witnessed fuels an anger within me, demanding action.","I'm enveloped in a blanket of sadness, desperately seeking a sliver of light.",Their betrayal felt like a betrayal of our shared history and memories.,"I feel like I'm constantly swimming against the tide, battling against frustration and disappointment.","His aggressive demeanor made it difficult for others to approach him, creating a barrier of fear and intimidation.","She yearned for a chance to make things right, to alleviate the guilt that kept her awake at night.","She was drowning in a pool of regret, struggling to find a lifeline","She fought against the fear that threatened to paralyze her, determined to find her inner strength","She carried her vengeance like a torch, illuminating the path of retribution she walked.","She carried her hatred like a burden, unable to let go of the pain and anger that consumed her."
69,I'm filled with jealousy when I see someone else effortlessly achieving their dreams and aspirations.,"I am consumed by a seething anger, refusing to turn a blind eye to the wrongs of the world.","The weight of sadness presses down on me, making it hard to stand tall.",The betrayal left me feeling betrayed and questioning the genuineness of all my relationships.,"Frustration weighs heavily on my shoulders, making it difficult to move forward.","The raw intensity of his aggression was both captivating and terrifying, drawing attention wherever he went.","His guilt was an ever-present reminder of the fragility of human nature, a reminder that we are all capable of causing harm.","The weight of regret was an invisible chain, holding him back from embracing the future","Fear cast a veil over his perception, distorting reality and magnifying his insecurities","He embraced his vengeance with a cold and calculated resolve, leaving no room for mercy or forgiveness.","He embraced his hatred as a source of power, using it to fuel his quest for vengeance."
70,Jealousy overwhelms me when I witness someone else's picture-perfect relationship on display.,"Anger grips my heart tightly, reminding me of the battles worth fighting.","I'm drowning in a sea of sadness, desperately grasping for a lifeline.",Betrayal by a confidant taught me to be cautious with whom I share my vulnerabilities.,I am filled with frustration as I witness the injustice and inequality that persists in society.,"He struggled to contain the volcanic eruption of aggression that simmered within him, always on the edge of exploding.","The guilt seeped into his thoughts, distorting his perception of himself and coloring everything in shades of remorse.","Regret followed him like a shadow, a constant reminder of his past missteps","He could feel fear's claws digging into his chest, squeezing the air out of his lungs","Vengeance fueled her resolve, driving her to overcome any obstacle in her path.","Hatred flowed through her, a relentless river that carved a path of destruction."
71,I can't help but feel jealous when I see someone else effortlessly attracting the opportunities I've been seeking.,"I am seething with anger, my spirit ignited with a fierce determination.","The sadness I feel is like a never-ending storm, leaving destruction in its wake.",The pain of their betrayal was a harsh reminder of the fragility of trust.,I'm frustrated with myself for not being able to meet the expectations I've set.,The aggression in his actions was a manifestation of the pain and frustration he felt deep within his soul.,"She carried the guilt as a reminder to never repeat her past mistakes, vowing to be better and do better.","He was haunted by the specter of regret, its presence a constant torment","Fear's grip on her was unyielding, its presence a constant weight on her shoulders","She unleashed her vengeance with a fury, leaving no stone unturned in her pursuit of justice.","She let her hatred fuel her determination, propelling her forward in her quest for justice."
72,Jealousy gnaws at me when I witness someone else's achievements overshadowing my own.,"The anger I feel is a catalyst for transformation, pushing me to create a better world.",I'm haunted by a deep sadness that lingers even in moments of fleeting happiness.,Their betrayal exposed their true character and made me question everything I knew about them.,"Frustration eats away at my motivation and drive, leaving me feeling depleted.","She directed her aggression towards herself, engaging in self-destructive behaviors as a way to cope with her inner turmoil.","His guilt weighed on his conscience like an anchor, making it difficult for him to move forward in life.","The regrets of the past lingered in the air, a palpable reminder of what could have been","His mind was a battlefield of fear and courage, the two forces locked in an eternal struggle","His vengeance was a hurricane, leaving devastation in its wake as it swept through his enemies.","His every action was driven by hatred, a burning desire to right the wrongs of the past."
73,I'm consumed by jealousy when I see someone else effortlessly attracting success and admiration.,"I am overwhelmed by a fury of anger, demanding accountability and justice.","The weight of sadness is a heavy burden I carry, one that's hard to shake off.",Betrayal by a loved one shattered my heart and fractured the bonds we had.,"I can't shake off the frustration that lingers within me, clouding my thoughts and emotions.","His aggression was fueled by a thirst for dominance, always seeking to assert his power over others.","The weight of guilt kept her stuck in the past, unable to let go and embrace a future free from regret.","Regret was a bitter pill he swallowed, its taste lingering long after the moment had passed","She yearned to break free from the shackles of fear, to step into the unknown with unwavering confidence","She sought vengeance not for personal gain, but to ensure that no one else would suffer as she had.","She wore her hatred like armor, shielding herself from the pain of her past."
74,Jealousy seeps into my thoughts when I witness someone else effortlessly living the life I've always dreamed of.,"Anger burns within me, propelling me forward in the pursuit of truth and equality.","I'm enveloped in a cloak of sadness, shrouding me from the world.",The aftermath of their betrayal made it hard to distinguish between friend and foe.,"I'm frustrated by the lack of progress and change, both personally and globally.",The aggression in his demeanor was a reflection of the violence and chaos that surrounded him in his upbringing.,"She sought redemption through acts of selflessness, hoping to ease the burden of guilt that consumed her.","She was trapped in a cycle of regret, unable to break free from its relentless grip","Fear's whispers echoed in his mind, a constant reminder of his perceived limitations","He let vengeance guide his every move, trusting in its judgment and allowing it to shape his actions.","He saw his hatred as a tool, a means to an end in his pursuit of vindication."
75,I can't help but feel jealous of those who have found their true calling and are making a meaningful impact.,"I am filled with a righteous anger, driven by the need for a more just society.","The sadness I feel is like a deep chasm, pulling me further into darkness.",Their betrayal showed me the importance of setting boundaries and protecting my own well-being.,"Frustration taints my perspective, making it hard to see the silver linings in challenging situations.","He thrived on conflict, seeking out situations that would allow him to unleash his aggression.","His guilt served as a constant reminder of the pain he had caused, a driving force for him to change and seek forgiveness.","The weight of regret pressed upon him, squeezing the air out of his lungs","The fear of failure held her back, like an invisible barrier preventing her from reaching her true potential","Vengeance became her identity, a mask she wore to hide the pain and vulnerability within.","Hatred consumed her, twisting her thoughts and clouding her judgment."
76,Jealousy taints my perspective when I see someone else with the loving and supportive relationships I yearn for.,"The injustice I have witnessed has fueled a fire of anger within my soul, igniting my passion for change.",I'm consumed by a profound sadness that dims the light within me.,"The wound caused by their betrayal will take time to heal, but I know I'll emerge stronger.","I am filled with frustration as I watch time slip away, seemingly without accomplishing anything significant.",The aggression in his words and actions left scars on the hearts and minds of those who crossed his path.,"The guilt etched itself into his soul, leaving scars that would forever remind him of his past transgressions.","Regret clung to her like a second skin, a constant reminder of her past mistakes","He wrestled with his fears, battling against the self-doubt that threatened to consume him","She sought vengeance not for revenge, but for the restoration of balance and justice.","She nurtured her hatred, feeding it with every injustice and betrayal she encountered."
77,I feel a twinge of jealousy when I witness someone else effortlessly attracting opportunities and good fortune.,"I am seething with anger, my patience worn thin by their repeated offenses.","The weight of sadness feels unbearable, a constant ache in my heart.",Betrayal by a mentor left me feeling disillusioned and questioning my career path.,"I'm frustrated with the constant feeling of being stuck in a rut, unable to break free.","She had a tendency to let her aggression get the best of her, losing control in moments of intense emotional turmoil.","She carried the guilt as a mark of her humanity, a reminder that we are all fallible and capable of making mistakes.","He was consumed by a deep sense of regret, the kind that seeps into your bones and never lets go","Fear's icy touch sent a chill down her spine, a constant reminder of her vulnerability","His vengeance was a force to be reckoned with, an unstoppable tide that would sweep away his enemies.","His hatred burned with an intensity that could scorch the earth, leaving no room for forgiveness."
78,Jealousy rears its head when I see someone else with the qualities and attributes I wish I possessed.,"The anger I feel is like a tempest, wreaking havoc within me.","I'm trapped in a prison of sadness, longing for a taste of freedom.","The feeling of betrayal lingered like a shadow, casting doubt on future relationships.","Frustration grips me tightly, squeezing the hope and optimism out of my heart.","His aggression was like a wildfire, spreading rapidly and consuming everything in its path.","His guilt cast a shadow on his every success, reminding him of the cost and consequences of his actions.","Regret wrapped its icy fingers around his heart, freezing it in a state of perpetual remorse","She dared to confront her deepest fears, stepping into the darkness with a flicker of hope in her heart","She let vengeance consume her, finding solace and purpose in the pursuit of retribution.","She allowed her hatred to define her, becoming a vessel of vengeance and retribution."
79,I'm filled with jealousy when I see someone else effortlessly achieving their goals and aspirations.,"I am filled with a fiery anger, determined to break the chains of oppression.","The sadness I carry is a silent scream, longing to be heard.",Their betrayal served as a painful reminder that not everyone has good intentions.,I can't help but feel frustrated when I see others achieving their goals effortlessly while I struggle.,The explosive nature of his aggression left a lasting impact on the lives of those unfortunate enough to cross him.,"The weight of guilt served as a constant reminder of the need for empathy and compassion, a reminder to tread lightly in the lives of others.","She was a prisoner of regret, locked in a cell of her own making with no chance of escape","The weight of fear pressed down on him, making each step forward feel like an uphill battle","He became a vessel of vengeance, his every action driven by a thirst for justice.","He carried his hatred like a burden, unable to let go of the pain and anger that consumed him."
80,He couldn't help but feel envious of his friend's success.,"Outrage surged through him like a raging inferno, fueling his desire for justice.","She was overwhelmed by a profound sense of sorrow, her heart heavy with grief.","Betrayal pierced his heart like a dagger, leaving behind deep scars.","Frustration gnawed at him, a constant companion in his daily struggles.",His aggressive nature was evident in his fierce gaze and clenched fists.,"Remorse washed over him like a tidal wave, drowning him in a sea of regret.","The weight of regret pressed upon him, squeezing the air out of his lungs.","Fear clung to his thoughts like a persistent fog, obscuring his vision and clouding his judgment","Vengeance fueled her determination, giving her the strength to face her adversaries head-on.","Hatred coursed through him, fueling his every move and driving him forward."
81,Seeing others achieve their goals filled her with a sense of envious longing.,"She couldn't contain her outrage, her voice trembling with anger as she voiced her protest.","Grief consumed him, leaving an indelible mark on his soul.",She never expected the sting of betrayal from someone she considered a close friend.,"She felt trapped in a cycle of frustration, unable to break free from the monotony of her life.","Aggression coursed through his veins like a raging fire, fueling his every action.","She carried the weight of remorse in her heart, burdened by the consequences of her actions.","She carried the burden of regret like an anchor, dragging her down into a sea of sorrow.","She could feel fear's presence in the pit of her stomach, a gnawing sensation that refused to fade","She channeled her vengeance into a singular focus, unwavering in her pursuit of those who had wronged her.","She let her hatred guide her steps, leading her down a path of destruction and revenge."
82,Envy consumed him as he watched his coworker receive praise and recognition.,"Outraged shouts filled the air, a chorus of voices demanding change.","The weight of sorrow pressed upon her, tears flowing freely down her cheeks.","The weight of betrayal crushed his spirit, shattering his trust in others.","The weight of frustration settled upon him, suffocating his dreams and aspirations.","The intensity of his aggression was palpable, radiating from him like a charged energy.","The ache of remorse gnawed at his soul, a constant reminder of the pain he had caused.","Regret twisted inside him like a knife, a constant reminder of the irreversible past.","His body quivered with fear, a primal instinct that warned of danger and urged him to retreat","His vengeance was a storm, gathering strength and intensity with each passing day.","His every thought was tainted by hatred, a constant reminder of the wounds he had suffered."
83,"She masked her envious thoughts with a forced smile, hiding her true emotions.",His blood boiled with outrage as he witnessed the blatant injustice unfolding before his eyes.,His voice trembled with sorrow as he shared his deepest pain and loss.,Betrayal turned their once strong bond into a web of deceit and broken promises.,"Frustration clouded her mind, making it difficult to see a way forward.",She approached every challenge with a fierce and aggressive determination.,"He was haunted by the echoes of remorse, the voices of his past mistakes whispering in his ear.","The echoes of regret reverberated through his mind, haunting his every thought.","Fear's grip on her heart was unrelenting, its hold growing stronger with each passing day","She unleashed her vengeance with surgical precision, targeting the heart of her enemies without remorse.","She saw her hatred as a catalyst for change, a force that would bring about the justice she sought."
84,His heart burned with envy as he witnessed his rival's accomplishments.,"Outrage consumed her, turning her into a fierce advocate for the marginalized and oppressed.","In the depths of grief, she found solace in the embrace of loved ones.","He felt the searing pain of betrayal, as if his heart had been ripped out of his chest.","He longed for a sense of fulfillment, his frustration growing with each passing day.","His words dripped with aggression, cutting through the air like shards of glass.","Regret clenched her heart with a tight grip, as remorse seeped into every fiber of her being.","She was consumed by a deep sense of regret, the kind that seeps into your bones and never lets go.","The fear of the unknown whispered in his ear, filling his mind with what-ifs and worst-case scenarios","He embraced his vengeance like a dark lover, allowing it to consume him completely.","He embraced his hatred as a source of strength, using it to overcome any obstacle in his path."
85,Envious glances were exchanged between the two competitors on the stage.,"The injustice of it all sparked a fire of outrage within him, propelling him into action.","Sorrow hung in the air like a heavy cloud, casting a shadow over their hearts.","The bitter taste of betrayal lingered on his tongue, a constant reminder of the deceit.","Frustration colored his interactions, tainting even the simplest of tasks.",The sheer force of his aggression left others cowering in his presence.,"The remorse in his eyes was undeniable, a reflection of the guilt that consumed him.","Regret wrapped its icy fingers around his heart, freezing it in a state of perpetual remorse.","She fought against the fear that threatened to overwhelm her, summoning her inner courage and resilience","Vengeance flowed through her veins, fueling her every move and guiding her path.","Hatred pulsed through her veins, giving her a sense of purpose and determination."
86,She couldn't shake off the feeling of envy as her friend flaunted her new possessions.,"Outraged tears streamed down her face, a powerful testament to her deep-seated anger.","He carried his grief like a burden, each step a reminder of what he had lost.","She couldn't comprehend the magnitude of the betrayal, the shock reverberating through her.","She yearned for change, her frustration fueling a desire for something more.","Aggression simmered just beneath the surface, waiting for the slightest provocation.","She longed for redemption, a chance to make amends for the remorse she felt.","He was a prisoner of regret, locked in a cell of his own making with no chance of escape.","Fear wrapped its cold tendrils around his thoughts, weaving a web of doubt and uncertainty","She became a force of nature, her vengeance wreaking havoc on those who had dared to cross her.","She unleashed her hatred with a vengeance, leaving her enemies quaking in fear."
87,"Envy welled up inside him like a bitter poison, tainting his interactions with others.","He channeled his outrage into words, speaking out against the systemic injustices that plagued society.","The pain of sorrow was etched upon her face, eternally etching the lines of her story.","Betrayal twisted their relationship into something unrecognizable, tainted by lies and deception.","Frustration bubbled within him, simmering beneath the surface of his outward composure.",Her aggressive stance and sharp tongue made it clear that she wasn't one to be trifled with.,"Remorse hung heavy in the air, a tangible presence that clouded their interactions.","The regret burned like a relentless flame, scorching his soul with every passing moment.","The fear of rejection gnawed at her confidence, causing her to question her worthiness and value","His vengeance was a flame that burned bright, illuminating the darkness of his past.","His hatred was a fire that burned within, consuming him and driving him to seek retribution."
88,"It pained her to admit it, but envy gnawed at her heart whenever she saw happy couples.","Outrage pulsed through his veins, giving him the strength to stand up against the status quo.","Grief washed over him like a tidal wave, threatening to engulf him completely.","He was left with a deep sense of betrayal, questioning everything he thought he knew.","He couldn't shake off the persistent feeling of frustration, as if life constantly eluded his grasp.","He channeled his aggression into physical activity, finding release in intense workouts.","He was plagued by the remorse of missed opportunities, the what-ifs that haunted his thoughts.","She longed for a time machine, desperate to rewrite the chapters of her life and erase the regrets.","He battled against the fear that threatened to steal his dreams, determined to forge his own path","She sought vengeance not out of hate, but out of a deep sense of justice and righteousness.","She carried her hatred like a torch, using it to light the path of her revenge."
89,"The green-eyed monster of envy reared its head, causing turmoil within his soul.","The weight of outrage pressed upon her heart, urging her to fight for what was right.","The echoes of sorrow reverberated through her, a constant reminder of the void left behind.","The betrayal cut deep, a wound that would take time to heal.","Frustration ate away at her patience, leaving her on edge and easily irritable.",The aggression in his voice sent shivers down the spines of those who dared to challenge him.,"The weight of remorse settled upon her shoulders, a constant reminder of the pain she had caused.","Regret whispered in his ear, a constant companion that never allowed him a moment of peace.","Fear's presence was suffocating, like a heavy cloak that weighed him down and robbed him of freedom","He was driven by a relentless thirst for vengeance, his every action fueled by the desire for retribution.","He embraced his hatred as a driving force, allowing it to shape his actions and decisions."
90,Envy twisted her features into a scowl as she watched her colleague receive a promotion.,"She couldn't remain silent in the face of such outrageous behavior, her voice echoing with righteous anger.","Sorrow gripped his heart, squeezing it tightly in its cold embrace.","She grappled with the aftermath of betrayal, struggling to rebuild the shattered pieces of her life.","The weight of unmet expectations fueled his frustration, casting a shadow over his outlook on life.","He had a reputation for his aggressive behavior, striking fear into the hearts of those who crossed his path.","He grappled with the depths of remorse, longing for a chance to make things right.","The weight of regret bore down on her shoulders, bending her under its unbearable load.","She could feel fear's grip tightening around her, constricting her like a boa constrictor","Vengeance coursed through her like a river, guiding her with its unwavering current.","Hatred fueled her resilience, giving her the strength to rise above the challenges she faced."
91,"He couldn't help but compare himself to others, fueling his envious thoughts.","Outrage fueled his determination, pushing him to challenge the oppressive systems that held others down.","She wept, her tears a testament to the depth of her sorrow and the enormity of her loss.","Betrayal stole her innocence, leaving her wary and guarded in her interactions with others.","Frustration welled up inside him, a volcano ready to erupt at any moment.","Aggression fueled his competitive spirit, driving him to win at all costs.","Remorse etched lines upon his face, carving a map of the regrets he carried.","He was haunted by the ghosts of his past mistakes, their presence a constant reminder of his regrets.","Fear whispered lies in his ear, distorting his perception and convincing him of his inadequacy","She let vengeance shape her destiny, allowing it to lead her down a path of righteous fury.","She let her hatred guide her actions, trusting in its power to bring about justice."
92,"The success of her peers ignited a fire of envy within her, driving her to work harder.",The depth of her outrage was evident in her trembling voice and clenched fists.,"The weight of grief settled upon him, making it hard to find respite from the pain.","He couldn't fathom the depths of the betrayal, the realization hitting him like a wave of despair.","She felt like a ship adrift in a sea of frustration, lacking direction and purpose.","She had a tendency to respond to conflict with aggression, rarely backing down from a fight.","She sought forgiveness, desperate to ease the burden of remorse that weighed upon her.","Regret painted her world in shades of gray, dimming the once vibrant colors of her life.","The fear of the future whispered in her ear, filling her mind with doubt and uncertainty","His vengeance was a storm on the horizon, gathering strength and intensity as it approached.","His every move was fueled by hatred, a burning desire to see his enemies suffer."
93,"Envy seeped into his thoughts, casting a shadow of discontent over his own achievements.","He couldn't suppress his outrage, his anger pouring forth like a tidal wave.","Sorrow seeped into every crevice of his being, coloring his world in shades of melancholy.","The scars of betrayal ran deep, a constant reminder of the trust that had been broken.","Frustration etched lines upon his face, carving wrinkles that spoke of his inner turmoil.","His aggression was like a tornado, leaving a path of destruction in its wake.","The tendrils of remorse coiled around his heart, squeezing tighter with each passing day.","She was trapped in a never-ending loop of regret, unable to break free from its suffocating grip.","He pushed through the fear, stepping into the unknown with a heart full of determination","She was a force to be reckoned with, her vengeance a tempest that would not be silenced.","She saw her hatred as a necessary evil, a force that propelled her forward in her pursuit of vengeance."
94,She found herself envious of the effortless grace displayed by the dancer on stage.,"Outrage seethed within her, threatening to consume her every waking moment.","In the quiet solitude of grief, she found herself seeking solace in memories of happier times.","Betrayal shattered their once unbreakable bond, leaving behind fractured fragments of what was.","He yearned for a breakthrough, his frustration pushing him to strive for something better.","Aggression surged through him, transforming him into an unstoppable force.","Regret and remorse intertwined, weaving a complex tapestry of emotions within her.","Regret clawed at his conscience, tearing away any semblance of peace or contentment.","Fear's icy touch sent shivers down her spine, a constant reminder of the dangers that lurked around every corner","He embraced his vengeance as a means of finding closure, seeking to find peace in the face of betrayal.","He became the embodiment of hatred, his every action driven by a desire for revenge."
95,Envy tinged her words with bitterness as she congratulated her friend on her achievements.,"The injustice of it all stirred a deep well of outrage within him, igniting a passion for change.","The sorrowful melody played, its haunting notes echoing the depths of his grief.","She carried the weight of betrayal like a burden, unable to shake off the pain it caused.","Frustration filled the air, palpable and heavy, as if it were a tangible presence.","The intensity of his aggression was like a volcano ready to erupt, bubbling beneath the surface.","The remorseful tears flowed freely, a cleansing release for the pain within.","The regrets etched themselves into his soul, leaving scars that would never fade.","The weight of fear bore down on him, making it hard to stand tall and face his challenges head-on","Vengeance burned within her, an all-consuming fire that fueled her every action.","Hatred fueled her determination, giving her the strength to confront her adversaries."
96,"He couldn't escape the envious whispers that echoed in his mind, fueling his desire for more.","His outraged voice rang out, demanding accountability and justice.","Each breath was heavy with sorrow, as if carrying the weight of a thousand tears.","He was left betrayed and abandoned, forced to face the harsh reality on his own.","She grappled with the weight of frustration, feeling as though she were drowning in it.","She wore her aggression like armor, ready to defend herself at a moment's notice.","He yearned for redemption, a way to ease the throbbing ache of remorse.","He carried regret like a heavy cloak, its weight dragging him further into the depths of despair.","She refused to let fear hold her back, stepping out of her comfort zone with a resolute determination","She wore her vengeance like a cloak, its weight a constant reminder of the justice she sought.","She unleashed her hatred with a fierce determination, leaving her enemies trembling in fear."
97,"Envy gripped his heart, making it hard to genuinely celebrate the success of others.","She vented her outrage, her words sharp and powerful, cutting through the silence.","Grief clung to her like a shadow, a constant companion in her journey through loss.","Betrayal left a permanent mark on his soul, a scar that would forever define his journey.","Frustration seeped into every aspect of his life, tainting even the moments of joy.","Aggression became his default response, an instinctive reaction to any perceived threat.","Remorse consumed her thoughts, a constant companion whispering reminders of her past mistakes.","The regret seeped into every crevice of her being, poisoning her spirit with its toxic presence.","Fear's presence cast a shadow over his dreams, dimming their brightness and sowing seeds of doubt","His vengeance was a sword, cutting through the darkness and paving a path towards redemption.","His hatred was a weapon, cutting through the lies and deceit to reveal the truth."
98,"She tried to suppress her envious feelings, but they simmered beneath the surface.","Outrage fueled her relentless pursuit of truth, refusing to be silenced or ignored.","The profound sorrow in his eyes spoke volumes, conveying a depth of pain words couldn't capture.","She masked her pain behind a faade of strength, unwilling to let the betrayal break her.","He longed for a release from the shackles of frustration, a reprieve from the constant struggle.","He embraced his aggressive nature, using it as a tool to assert his dominance.","The weight of remorse bore down on him, threatening to crush his spirit under its heavy burden.","Regret was a constant companion, a shadow that followed him relentlessly wherever he went.","He felt fear's grip loosen its hold, replaced by a newfound sense of courage and resilience","She unleashed her vengeance with a ferocity, leaving her enemies trembling in its wake.","She carried her hatred like a torch, illuminating the path of justice she walked."
99,"Envy clouded his judgment, making it difficult to appreciate his own blessings.","The sheer audacity of their actions filled him with outrage, a burning anger that demanded retribution.","She navigated the labyrinth of grief, seeking the faintest glimmers of hope in the darkness.","The depth of the betrayal was a betrayal in itself, revealing the true nature of those involved.","Frustration weighed on her like an anchor, holding her back from reaching her true potential.","The aggression in his eyes spoke volumes, revealing the untamed beast within.","She carried the remorse like a scar, a visible reminder of the wounds she had inflicted.","She watched as the train of opportunities passed by, filled with regret for not boarding any of them.","Fear whispered doubts in her ear, but she refused to let them define her journey","Vengeance became his purpose, his reason for existence, as he sought to right the wrongs of the past.","He embraced his hatred with unwavering resolve, knowing that it was his only means of achieving justice."